timestamp,latitude,longitude,pm25,pm10,no2,o3,humidity,wind_speed
2025-12-01 17:00:00,32.5,80.1161,13.41,6.0,0.48,34.81,13.09,0.99
2025-12-01 16:00:00,32.5,80.1161,13.15,5.57,0.51,34.17,13.76,1.01
2025-12-01 15:00:00,32.5,80.1161,12.63,6.31,0.46,30.59,12.54,1.01
2025-12-01 14:00:00,32.5,80.1161,13.61,5.88,0.54,34.41,12.08,1.04
2025-12-01 15:00:00,28.194909,76.862296,166.78,113.21,19.39,20.73,28.71,0.88
2025-12-01 14:00:00,28.194909,76.862296,154.69,112.3,19.55,19.65,29.93,0.87
2025-12-01 13:00:00,28.194909,76.862296,166.78,128.44,18.33,19.45,29.51,0.88
2025-12-01 12:00:00,28.194909,76.862296,168.44,122.84,18.2,19.53,29.48,0.84
2025-12-01 09:00:00,22.410802,73.097923,161.28,96.32,9.11,,31.74,2.77
2025-12-01 08:00:00,22.410802,73.097923,152.43,106.13,8.32,,35.06,2.92
2025-12-01 07:00:00,22.410802,73.097923,177.44,108.8,8.66,,33.04,3.17
2025-12-01 06:00:00,22.410802,73.097923,165.96,100.42,8.3,,32.0,2.81
2025-12-01 15:00:00,25.444266,86.140169,112.11,105.62,7.54,3.66,70.07,0.29
2025-12-01 14:00:00,25.444266,86.140169,106.06,97.89,6.56,3.29,67.19,0.3
2025-12-01 13:00:00,25.444266,86.140169,115.56,100.13,7.29,3.33,64.03,0.29
2025-12-01 12:00:00,25.444266,86.140169,118.18,100.54,7.03,3.33,64.05,0.31
2025-12-01 15:00:00,23.50016,80.23284,92.66,52.86,9.79,57.59,40.55,0.31
2025-12-01 14:00:00,23.50016,80.23284,84.89,49.28,10.75,58.72,39.55,0.3
2025-12-01 13:00:00,23.50016,80.23284,84.86,55.19,10.05,57.61,39.61,0.28
2025-12-01 12:00:00,23.50016,80.23284,92.16,49.55,9.88,55.83,44.5,0.3
2025-12-01 15:00:00,25.555605,83.950942,124.16,58.0,3.46,50.52,46.52,1.53
2025-12-01 14:00:00,25.555605,83.950942,114.53,59.61,3.32,55.6,47.24,1.43
2025-12-01 13:00:00,25.555605,83.950942,125.81,57.2,3.51,56.92,48.8,1.49
2025-12-01 12:00:00,25.555605,83.950942,117.38,58.42,3.45,57.21,48.21,1.49
2025-12-01 15:00:00,19.25292,73.142019,104.85,90.11,13.72,3.81,22.8,3.08
2025-12-01 14:00:00,19.25292,73.142019,99.99,78.08,13.5,3.8,25.34,2.97
2025-12-01 13:00:00,19.25292,73.142019,104.76,85.38,13.79,3.87,25.55,3.22
2025-12-01 12:00:00,19.25292,73.142019,99.62,88.87,14.22,3.62,23.55,2.84
2025-12-01 15:00:00,25.560083,87.553265,136.95,58.83,5.38,2.58,68.19,0.94
2025-12-01 14:00:00,25.560083,87.553265,141.36,59.31,5.78,2.85,65.13,1.06
2025-12-01 13:00:00,25.560083,87.553265,131.28,63.41,6.02,2.78,65.96,1.06
2025-12-01 12:00:00,25.560083,87.553265,131.35,61.98,5.85,2.84,67.06,0.96
2025-12-01 15:00:00,29.497973,76.993331,163.75,165.38,11.29,11.96,39.43,4.76
2025-12-01 14:00:00,29.497973,76.993331,155.69,145.71,11.13,12.78,42.84,4.74
2025-12-01 13:00:00,29.497973,76.993331,168.2,152.48,10.69,12.29,40.39,4.97
2025-12-01 12:00:00,29.497973,76.993331,171.62,148.25,11.1,13.13,40.69,4.71
2025-12-01 15:00:00,29.966942,76.875879,92.77,45.31,4.85,24.91,28.47,1.29
2025-12-01 14:00:00,29.966942,76.875879,92.04,45.42,4.37,23.27,27.46,1.31
2025-12-01 13:00:00,29.966942,76.875879,97.07,44.81,4.74,24.07,29.75,1.24
2025-12-01 12:00:00,29.966942,76.875879,95.01,49.92,4.88,25.17,29.27,1.14
2025-12-01 15:00:00,24.952822,84.002396,75.52,76.81,0.97,8.99,55.96,1.33
2025-12-01 14:00:00,24.952822,84.002396,75.96,76.81,0.93,9.16,49.72,1.33
2025-12-01 13:00:00,24.952822,84.002396,74.0,78.47,0.86,9.02,53.06,1.21
2025-12-01 12:00:00,24.952822,84.002396,73.3,82.09,0.94,8.95,51.3,1.36
2025-12-01 15:00:00,23.10844,77.511428,118.79,56.57,18.1,30.98,43.76,1.58
2025-12-01 14:00:00,23.10844,77.511428,106.17,51.12,18.2,33.19,41.23,1.74
2025-12-01 13:00:00,23.10844,77.511428,115.11,58.74,17.81,32.64,42.29,1.69
2025-12-01 12:00:00,23.10844,77.511428,113.67,55.96,19.42,30.92,43.76,1.68
2025-12-01 15:00:00,27.19865833,78.00598056,109.35,70.18,2.17,67.28,34.46,0.39
2025-12-01 14:00:00,27.19865833,78.00598056,121.16,72.13,2.33,61.86,37.03,0.38
2025-12-01 13:00:00,27.19865833,78.00598056,114.08,76.34,2.18,66.11,37.68,0.42
2025-12-01 12:00:00,27.19865833,78.00598056,112.23,76.06,2.15,61.12,34.71,0.38
2025-12-01 15:00:00,25.771061,73.340227,159.34,69.37,7.64,11.6,40.89,1.93
2025-12-01 14:00:00,25.771061,73.340227,162.86,73.68,7.38,11.56,41.79,1.76
2025-12-01 13:00:00,25.771061,73.340227,156.93,69.99,7.68,10.97,40.97,1.91
2025-12-01 12:00:00,25.771061,73.340227,141.6,69.84,7.8,11.97,43.21,1.89
2025-12-01 15:00:00,10.5324,76.2159,87.43,47.17,3.28,13.77,73.29,1.72
2025-12-01 14:00:00,10.5324,76.2159,91.19,44.67,3.19,13.03,66.33,1.76
2025-12-01 13:00:00,10.5324,76.2159,81.52,46.21,3.31,12.79,67.81,1.8
2025-12-01 12:00:00,10.5324,76.2159,79.84,49.14,2.9,13.34,67.79,1.67
2025-12-01 15:00:00,24.792403,84.992416,113.7,79.52,1.47,8.28,58.63,1.84
2025-12-01 14:00:00,24.792403,84.992416,104.17,80.77,1.51,8.54,58.43,1.91
2025-12-01 13:00:00,24.792403,84.992416,105.27,90.33,1.44,7.72,55.88,1.82
2025-12-01 12:00:00,24.792403,84.992416,106.3,86.73,1.35,8.32,56.74,1.9
2025-12-01 15:00:00,25.376776,86.471523,116.43,64.98,1.78,8.7,58.74,1.03
2025-12-01 14:00:00,25.376776,86.471523,123.14,63.21,1.86,8.53,61.23,0.96
2025-12-01 13:00:00,25.376776,86.471523,116.4,57.52,1.69,8.21,56.35,1.05
2025-12-01 12:00:00,25.376776,86.471523,119.16,59.78,1.85,8.28,59.43,0.99
2025-12-01 15:00:00,25.7808257,84.7446768,53.73,26.26,1.09,14.86,44.21,1.02
2025-12-01 14:00:00,25.7808257,84.7446768,58.96,26.79,1.14,15.03,47.48,1.19
2025-12-01 13:00:00,25.7808257,84.7446768,53.4,25.0,1.14,16.22,47.3,1.1
2025-12-01 12:00:00,25.7808257,84.7446768,54.35,26.55,1.11,15.6,45.57,1.03
2025-12-01 15:00:00,26.268249,73.0193853,149.82,76.08,3.3,46.19,34.25,0.63
2025-12-01 14:00:00,26.268249,73.0193853,137.06,79.2,3.11,47.72,33.44,0.64
2025-12-01 13:00:00,26.268249,73.0193853,139.64,77.03,3.3,43.54,30.75,0.68
2025-12-01 12:00:00,26.268249,73.0193853,145.1,69.93,2.97,43.59,29.36,0.64
2025-12-01 15:00:00,29.8006,76.4155,124.45,62.13,10.56,7.2,33.74,1.9
2025-12-01 14:00:00,29.8006,76.4155,112.31,70.42,11.65,7.47,34.35,1.76
2025-12-01 13:00:00,29.8006,76.4155,116.63,67.89,11.23,7.72,33.12,1.81
2025-12-01 12:00:00,29.8006,76.4155,116.6,65.26,10.42,8.16,32.28,1.96
2025-12-01 15:00:00,29.5364,75.0158,83.74,59.46,5.08,16.1,14.42,0.51
2025-12-01 14:00:00,29.5364,75.0158,82.27,63.43,5.21,15.68,14.66,0.54
2025-12-01 13:00:00,29.5364,75.0158,77.12,59.65,5.41,18.11,15.04,0.5
2025-12-01 12:00:00,29.5364,75.0158,76.65,63.25,5.51,17.3,15.43,0.49
2025-12-01 15:00:00,24.10897,82.64558,147.22,104.02,38.97,14.87,40.67,0.63
2025-12-01 14:00:00,24.10897,82.64558,148.97,94.38,43.98,13.15,39.53,0.7
2025-12-01 13:00:00,24.10897,82.64558,167.55,101.79,40.28,14.16,38.36,0.61
2025-12-01 12:00:00,24.10897,82.64558,153.77,94.03,42.75,15.16,37.69,0.7
2025-12-01 15:00:00,26.8458805,80.9365541,168.06,105.86,12.08,40.32,19.27,1.2
2025-12-01 14:00:00,26.8458805,80.9365541,186.7,94.18,13.56,37.68,16.95,1.14
2025-12-01 13:00:00,26.8458805,80.9365541,170.47,99.33,12.39,40.84,18.86,1.17
2025-12-01 12:00:00,26.8458805,80.9365541,183.44,107.31,12.18,36.77,17.86,1.13
2025-12-01 15:00:00,30.649961,76.331442,139.59,80.82,9.09,14.23,23.34,1.9
2025-12-01 14:00:00,30.649961,76.331442,147.9,82.2,9.18,14.03,24.39,1.91
2025-12-01 13:00:00,30.649961,76.331442,142.67,79.5,8.63,14.32,25.86,1.94
2025-12-01 12:00:00,30.649961,76.331442,139.28,80.95,8.44,14.93,24.56,1.99
2025-12-01 15:00:00,30.943887,76.801991,139.71,89.62,8.11,61.83,72.78,1.32
2025-12-01 14:00:00,30.943887,76.801991,145.13,89.78,8.77,62.68,62.65,1.32
2025-12-01 13:00:00,30.943887,76.801991,139.27,82.3,9.17,65.34,65.72,1.45
2025-12-01 12:00:00,30.943887,76.801991,148.17,84.06,8.16,63.32,64.72,1.32
2025-12-01 15:00:00,10.073232,76.302765,127.97,48.97,2.41,5.2,85.46,1.29
2025-12-01 14:00:00,10.073232,76.302765,127.53,50.6,2.37,4.63,81.54,1.23
2025-12-01 13:00:00,10.073232,76.302765,112.79,55.79,2.34,5.12,90.15,1.29
2025-12-01 12:00:00,10.073232,76.302765,121.37,55.99,2.26,5.08,85.91,1.13
2025-12-01 15:00:00,13.328028,75.797056,51.9,48.53,6.25,17.3,61.69,1.61
2025-12-01 14:00:00,13.328028,75.797056,54.98,47.58,6.28,16.48,54.68,1.53
2025-12-01 13:00:00,13.328028,75.797056,56.38,47.85,7.07,17.06,59.84,1.38
2025-12-01 12:00:00,13.328028,75.797056,53.25,49.88,6.99,16.01,56.65,1.59
2025-12-01 10:00:00,25.5626095,84.663264,146.96,88.9,1.55,3.28,69.74,0.56
2025-12-01 09:00:00,25.5626095,84.663264,168.57,93.81,1.45,3.22,65.94,0.53
2025-12-01 08:00:00,25.5626095,84.663264,166.59,100.47,1.42,2.97,65.98,0.51
2025-12-01 07:00:00,25.5626095,84.663264,150.46,98.39,1.4,3.06,65.71,0.54
2025-12-01 15:00:00,28.38910936,79.42963708,73.21,18.87,3.32,0.86,36.81,0.8
2025-12-01 14:00:00,28.38910936,79.42963708,76.94,20.83,3.25,0.81,33.62,0.85
2025-12-01 13:00:00,28.38910936,79.42963708,69.39,18.83,3.55,0.84,35.21,0.88
2025-12-01 12:00:00,28.38910936,79.42963708,80.85,20.81,3.3,0.83,35.19,0.8
2025-12-01 15:00:00,28.725645,77.749675,154.68,77.5,4.27,12.75,31.13,2.78
2025-12-01 14:00:00,28.725645,77.749675,154.06,79.29,3.81,13.66,30.96,2.52
2025-12-01 13:00:00,28.725645,77.749675,155.45,88.53,4.06,13.86,31.52,2.65
2025-12-01 12:00:00,28.725645,77.749675,159.54,86.99,4.15,13.76,32.22,2.8
2025-12-01 15:00:00,15.888653,74.541751,122.47,73.78,23.45,7.5,,3.24
2025-12-01 14:00:00,15.888653,74.541751,130.29,73.47,24.74,8.51,,2.83
2025-12-01 13:00:00,15.888653,74.541751,119.11,74.74,22.82,7.5,,3.22
2025-12-01 12:00:00,15.888653,74.541751,128.76,67.58,24.64,8.09,,3.16
2025-12-01 15:00:00,25.366336,87.117468,108.37,47.28,2.11,19.04,64.1,4.18
2025-12-01 14:00:00,25.366336,87.117468,108.69,45.2,2.23,19.08,64.58,3.87
2025-12-01 13:00:00,25.366336,87.117468,102.44,49.59,2.1,19.9,56.66,4.53
2025-12-01 12:00:00,25.366336,87.117468,99.12,49.95,2.1,20.39,59.0,4.22
2025-12-01 15:00:00,25.892357,86.590325,81.49,59.11,3.12,3.2,52.59,0.2
2025-12-01 14:00:00,25.892357,86.590325,83.45,54.47,2.98,3.29,46.35,0.19
2025-12-01 13:00:00,25.892357,86.590325,81.63,57.49,2.71,2.96,49.09,0.19
2025-12-01 12:00:00,25.892357,86.590325,76.69,59.04,2.78,3.06,49.81,0.21
2025-12-01 15:00:00,24.75746,84.366208,71.3,65.68,3.09,22.7,43.11,0.86
2025-12-01 14:00:00,24.75746,84.366208,71.74,65.22,2.77,22.07,45.06,0.77
2025-12-01 13:00:00,24.75746,84.366208,78.78,67.66,2.92,24.54,47.22,0.81
2025-12-01 12:00:00,24.75746,84.366208,78.22,63.57,2.67,23.39,45.42,0.85
2025-12-01 15:00:00,20.9360711,85.1707021,124.26,80.04,26.89,6.57,39.92,2.55
2025-12-01 14:00:00,20.9360711,85.1707021,121.19,80.06,25.64,6.17,45.94,2.47
2025-12-01 13:00:00,20.9360711,85.1707021,124.93,87.07,28.24,6.29,46.48,2.66
2025-12-01 12:00:00,20.9360711,85.1707021,126.64,91.01,28.32,7.18,41.06,2.65
2025-12-01 15:00:00,22.49929,88.36917,171.01,112.81,16.74,11.78,50.37,0.18
2025-12-01 14:00:00,22.49929,88.36917,159.85,108.24,17.22,12.9,49.84,0.18
2025-12-01 13:00:00,22.49929,88.36917,165.37,103.84,16.54,11.36,44.94,0.17
2025-12-01 12:00:00,22.49929,88.36917,163.89,106.0,16.95,12.07,44.49,0.18
2025-12-01 15:00:00,16.172806,75.659694,70.89,52.07,4.15,6.1,9.44,1.15
2025-12-01 14:00:00,16.172806,75.659694,66.54,47.22,4.39,6.3,8.51,1.2
2025-12-01 13:00:00,16.172806,75.659694,68.36,50.8,4.6,6.26,9.65,1.25
2025-12-01 12:00:00,16.172806,75.659694,66.83,49.61,4.19,6.96,9.06,1.2
2025-12-01 15:00:00,22.969611,72.6435,171.64,82.95,20.51,16.23,32.13,1.04
2025-12-01 14:00:00,22.969611,72.6435,165.06,95.17,21.63,15.92,31.43,0.99
2025-12-01 13:00:00,22.969611,72.6435,156.22,86.27,20.05,17.46,31.52,1.04
2025-12-01 12:00:00,22.969611,72.6435,157.08,96.82,20.52,16.66,30.66,1.07
2025-12-01 15:00:00,31.62,74.876512,101.95,65.74,3.18,16.96,65.73,0.59
2025-12-01 14:00:00,31.62,74.876512,108.29,57.6,3.3,15.18,64.31,0.63
2025-12-01 13:00:00,31.62,74.876512,104.31,65.23,3.0,17.46,61.06,0.59
2025-12-01 12:00:00,31.62,74.876512,104.1,60.98,2.96,16.45,64.56,0.54
2025-12-01 15:00:00,23.5404352,87.2892225,148.33,73.69,13.9,52.03,50.73,0.13
2025-12-01 14:00:00,23.5404352,87.2892225,155.84,67.03,13.3,49.42,48.89,0.15
2025-12-01 13:00:00,23.5404352,87.2892225,166.88,74.25,14.61,48.53,50.56,0.14
2025-12-01 12:00:00,23.5404352,87.2892225,149.27,72.08,12.62,49.95,55.03,0.15
2025-12-01 15:00:00,27.1594,78.3953,124.12,54.59,6.48,0.2,44.41,
2025-12-01 14:00:00,27.1594,78.3953,135.81,51.91,6.79,0.19,46.3,
2025-12-01 13:00:00,27.1594,78.3953,129.5,50.24,6.43,0.2,46.19,
2025-12-01 12:00:00,27.1594,78.3953,130.32,55.57,6.47,0.21,45.73,
2025-12-01 15:00:00,31.0325454,76.5623046,43.44,17.46,2.15,,35.75,2.33
2025-12-01 14:00:00,31.0325454,76.5623046,40.8,17.43,2.12,,35.9,2.26
2025-12-01 13:00:00,31.0325454,76.5623046,39.97,18.2,2.02,,32.44,2.33
2025-12-01 12:00:00,31.0325454,76.5623046,43.96,16.5,2.14,,32.6,2.39
2025-12-01 17:00:00,19.30455,97.97165,28.3,20.11,3.63,5.02,12.68,1.4
2025-12-01 16:00:00,19.30455,97.97165,26.19,21.19,3.37,5.17,13.42,1.45
2025-12-01 15:00:00,19.30455,97.97165,25.94,19.64,3.52,4.58,13.36,1.62
2025-12-01 14:00:00,19.30455,97.97165,29.39,20.3,3.48,5.02,12.53,1.44
2025-12-01 15:00:00,21.8004996,83.8396977,83.2,58.39,2.56,10.17,,
2025-12-01 14:00:00,21.8004996,83.8396977,96.67,61.2,2.69,10.28,,
2025-12-01 13:00:00,21.8004996,83.8396977,85.95,54.66,2.52,11.5,,
2025-12-01 12:00:00,21.8004996,83.8396977,94.13,62.33,2.76,11.54,,
2025-12-01 15:00:00,17.5184,78.278777,105.37,54.65,3.15,26.53,48.94,0.73
2025-12-01 14:00:00,17.5184,78.278777,108.16,54.42,3.14,26.23,55.44,0.66
2025-12-01 13:00:00,17.5184,78.278777,117.91,58.05,3.16,24.64,51.34,0.68
2025-12-01 12:00:00,17.5184,78.278777,117.9,52.19,3.11,26.48,55.13,0.74
2025-12-01 15:00:00,25.697189,85.2459,160.47,81.09,12.51,53.66,29.0,0.91
2025-12-01 14:00:00,25.697189,85.2459,159.95,74.87,12.87,55.93,31.74,0.98
2025-12-01 13:00:00,25.697189,85.2459,182.16,80.93,12.24,57.43,31.86,0.94
2025-12-01 12:00:00,25.697189,85.2459,178.91,78.31,13.16,53.42,29.58,0.99
2025-12-01 15:00:00,27.106972,78.000111,99.84,63.05,5.98,3.53,39.29,1.39
2025-12-01 14:00:00,27.106972,78.000111,95.98,64.53,6.3,3.84,44.65,1.44
2025-12-01 13:00:00,27.106972,78.000111,87.95,61.0,6.29,3.71,38.96,1.37
2025-12-01 12:00:00,27.106972,78.000111,98.48,65.26,5.82,3.51,40.3,1.41
2025-12-01 15:00:00,10.942451,76.978996,30.75,35.18,4.35,10.98,42.45,1.27
2025-12-01 14:00:00,10.942451,76.978996,29.45,37.36,4.22,11.22,40.61,1.37
2025-12-01 13:00:00,10.942451,76.978996,27.95,33.52,4.13,10.84,43.97,1.31
2025-12-01 12:00:00,10.942451,76.978996,27.28,33.98,4.35,10.58,40.11,1.37
2025-12-01 14:00:00,19.9775302,79.2337086,183.72,89.58,10.41,8.03,30.5,0.38
2025-12-01 13:00:00,19.9775302,79.2337086,182.22,94.67,10.33,7.44,30.07,0.33
2025-12-01 12:00:00,19.9775302,79.2337086,181.55,86.07,10.4,7.25,31.82,0.34
2025-12-01 11:00:00,19.9775302,79.2337086,160.84,90.39,9.22,8.13,28.94,0.34
2025-12-01 15:00:00,21.185571,81.343175,84.27,47.96,6.4,4.08,39.07,1.07
2025-12-01 14:00:00,21.185571,81.343175,85.36,45.94,5.94,4.0,40.48,0.93
2025-12-01 13:00:00,21.185571,81.343175,87.47,46.87,6.09,4.26,40.39,1.07
2025-12-01 12:00:00,21.185571,81.343175,76.01,47.23,6.39,4.19,42.6,1.06
2025-12-01 15:00:00,15.34763,76.181767,55.62,43.38,13.16,1.32,58.36,0.49
2025-12-01 14:00:00,15.34763,76.181767,59.34,46.14,12.98,1.29,57.78,0.51
2025-12-01 13:00:00,15.34763,76.181767,56.85,43.8,14.42,1.27,51.26,0.49
2025-12-01 12:00:00,15.34763,76.181767,51.79,41.97,13.72,1.38,52.39,0.51
2025-12-01 15:00:00,25.14389,75.821256,170.87,81.77,6.19,8.67,36.38,0.67
2025-12-01 14:00:00,25.14389,75.821256,157.47,82.73,5.92,8.63,40.2,0.67
2025-12-01 13:00:00,25.14389,75.821256,171.83,85.73,6.46,8.15,38.03,0.68
2025-12-01 12:00:00,25.14389,75.821256,176.96,79.39,5.67,8.04,40.71,0.64
2025-12-01 15:00:00,29.4723508,77.7194031,151.92,70.91,16.69,11.38,30.0,0.8
2025-12-01 14:00:00,29.4723508,77.7194031,154.9,69.51,16.97,11.3,32.05,0.85
2025-12-01 13:00:00,29.4723508,77.7194031,142.51,73.97,17.4,11.98,34.25,0.84
2025-12-01 12:00:00,29.4723508,77.7194031,143.24,71.87,17.5,12.06,30.62,0.85
2025-12-01 15:00:00,13.0052189,80.2398125,51.15,52.39,5.05,1.97,80.7,0.55
2025-12-01 14:00:00,13.0052189,80.2398125,49.56,52.44,4.65,2.03,89.96,0.52
2025-12-01 13:00:00,13.0052189,80.2398125,47.23,50.96,4.54,1.83,91.98,0.57
2025-12-01 12:00:00,13.0052189,80.2398125,46.56,55.45,4.71,1.75,85.26,0.55
2025-12-01 15:00:00,13.67,79.35,33.34,9.88,6.14,3.07,94.51,0.67
2025-12-01 14:00:00,13.67,79.35,36.33,9.85,6.31,3.22,85.87,0.74
2025-12-01 13:00:00,13.67,79.35,35.93,10.7,7.02,3.28,88.02,0.67
2025-12-01 12:00:00,13.67,79.35,33.04,9.92,6.66,2.95,91.31,0.71
2025-12-01 15:00:00,21.152875,79.0517531,130.95,73.18,6.1,24.64,49.72,1.25
2025-12-01 14:00:00,21.152875,79.0517531,118.22,79.21,5.91,25.71,52.81,1.37
2025-12-01 13:00:00,21.152875,79.0517531,134.17,74.31,6.63,25.41,46.07,1.2
2025-12-01 12:00:00,21.152875,79.0517531,132.91,77.19,6.59,24.89,49.62,1.32
2025-12-01 15:00:00,12.9352049,77.6814488,88.85,48.19,5.51,14.82,65.9,0.77
2025-12-01 14:00:00,12.9352049,77.6814488,93.6,48.31,5.39,15.57,61.24,0.74
2025-12-01 13:00:00,12.9352049,77.6814488,96.36,49.85,5.39,15.59,60.58,0.8
2025-12-01 12:00:00,12.9352049,77.6814488,93.26,50.95,5.07,14.87,63.14,0.79
2025-12-01 15:00:00,26.509954,80.249612,99.08,61.6,8.67,6.02,37.58,1.04
2025-12-01 14:00:00,26.509954,80.249612,102.85,60.88,7.97,6.44,39.43,1.15
2025-12-01 13:00:00,26.509954,80.249612,97.49,58.58,8.8,6.38,39.0,0.98
2025-12-01 12:00:00,26.509954,80.249612,98.8,63.11,8.02,6.6,40.15,1.12
2025-12-01 15:00:00,26.9164092,75.7994901,149.83,85.11,68.22,26.47,54.93,0.31
2025-12-01 14:00:00,26.9164092,75.7994901,145.23,77.34,73.31,23.15,49.42,0.29
2025-12-01 13:00:00,26.9164092,75.7994901,163.02,80.34,68.56,23.94,50.27,0.3
2025-12-01 12:00:00,26.9164092,75.7994901,154.48,79.56,65.26,25.11,51.68,0.3
2025-12-01 15:00:00,26.1875,91.744194,101.9,47.54,0.1,7.79,55.99,6.27
2025-12-01 14:00:00,26.1875,91.744194,110.42,47.18,0.11,7.07,54.71,5.76
2025-12-01 13:00:00,26.1875,91.744194,96.82,44.18,0.11,6.94,56.28,5.98
2025-12-01 12:00:00,26.1875,91.744194,98.72,43.79,0.11,7.71,52.85,6.27
2025-12-01 15:00:00,13.4127,80.1081,137.06,67.04,0.66,,101.35,4.03
2025-12-01 14:00:00,13.4127,80.1081,135.18,62.05,0.73,,94.42,3.86
2025-12-01 13:00:00,13.4127,80.1081,124.73,64.92,0.67,,97.77,3.65
2025-12-01 12:00:00,13.4127,80.1081,130.73,59.07,0.68,,95.62,3.99
2025-12-01 15:00:00,17.72,83.3,155.91,97.59,12.44,18.75,65.52,0.37
2025-12-01 14:00:00,17.72,83.3,173.0,98.19,12.43,17.4,65.78,0.39
2025-12-01 13:00:00,17.72,83.3,162.17,97.76,12.17,19.21,62.1,0.37
2025-12-01 12:00:00,17.72,83.3,173.92,86.69,11.5,17.98,65.7,0.38
2025-12-01 15:00:00,26.2271665,84.3570427,53.65,33.07,0.42,2.93,40.76,1.41
2025-12-01 14:00:00,26.2271665,84.3570427,52.89,36.49,0.37,3.09,40.59,1.41
2025-12-01 13:00:00,26.2271665,84.3570427,52.76,36.01,0.42,2.71,37.46,1.32
2025-12-01 12:00:00,26.2271665,84.3570427,58.06,32.34,0.42,2.98,35.97,1.29
2025-12-01 15:00:00,23.331731,75.045981,141.83,76.41,5.33,,79.42,0.49
2025-12-01 14:00:00,23.331731,75.045981,142.79,69.47,5.59,,74.46,0.5
2025-12-01 13:00:00,23.331731,75.045981,142.05,66.52,4.9,,78.16,0.52
2025-12-01 12:00:00,23.331731,75.045981,130.28,76.33,5.41,,68.46,0.5
2025-12-01 15:00:00,28.406963,77.849831,161.72,104.59,16.98,54.42,48.78,1.44
2025-12-01 14:00:00,28.406963,77.849831,150.73,104.52,17.18,59.66,51.51,1.67
2025-12-01 13:00:00,28.406963,77.849831,163.45,104.52,16.22,58.33,52.42,1.55
2025-12-01 12:00:00,28.406963,77.849831,170.54,106.16,17.01,61.01,54.61,1.45
2025-12-01 15:00:00,29.6953,77.0027,154.29,80.51,2.32,17.36,13.22,0.47
2025-12-01 14:00:00,29.6953,77.0027,172.64,80.08,2.59,15.65,13.37,0.52
2025-12-01 13:00:00,29.6953,77.0027,155.0,83.37,2.31,16.4,12.63,0.49
2025-12-01 12:00:00,29.6953,77.0027,163.29,76.09,2.46,17.45,12.85,0.47
2025-12-01 15:00:00,16.7602,77.1428,104.35,48.62,2.22,7.61,31.94,0.32
2025-12-01 14:00:00,16.7602,77.1428,99.84,53.39,2.56,8.28,30.68,0.31
2025-12-01 13:00:00,16.7602,77.1428,108.52,48.86,2.21,8.31,33.75,0.29
2025-12-01 12:00:00,16.7602,77.1428,108.49,46.94,2.25,8.49,35.01,0.29
2025-12-01 15:00:00,19.175,72.9419,90.51,78.12,6.65,,38.56,0.33
2025-12-01 14:00:00,19.175,72.9419,93.88,86.67,6.71,,36.63,0.32
2025-12-01 13:00:00,19.175,72.9419,101.77,75.94,6.56,,38.77,0.32
2025-12-01 12:00:00,19.175,72.9419,99.8,77.8,6.5,,36.64,0.36
2025-12-01 15:00:00,19.23241,72.86895,156.14,69.84,36.1,49.9,,
2025-12-01 14:00:00,19.23241,72.86895,148.68,62.79,38.75,45.69,,
2025-12-01 13:00:00,19.23241,72.86895,147.72,64.86,35.82,50.89,,
2025-12-01 12:00:00,19.23241,72.86895,147.18,72.79,35.55,45.2,,
2025-12-01 15:00:00,30.349388,76.366642,138.28,85.11,6.34,17.29,26.75,0.29
2025-12-01 14:00:00,30.349388,76.366642,156.45,96.74,6.89,16.35,26.1,0.29
2025-12-01 13:00:00,30.349388,76.366642,137.47,89.18,6.39,16.16,25.69,0.31
2025-12-01 12:00:00,30.349388,76.366642,134.38,86.13,6.83,18.14,28.77,0.3
2025-12-01 15:00:00,26.203442,78.193251,116.19,57.34,6.17,28.1,45.05,0.29
2025-12-01 14:00:00,26.203442,78.193251,110.78,63.26,6.99,27.99,50.84,0.29
2025-12-01 13:00:00,26.203442,78.193251,113.88,60.6,6.73,28.92,44.87,0.28
2025-12-01 12:00:00,26.203442,78.193251,99.97,64.34,6.54,29.75,50.84,0.3
2025-12-01 15:00:00,28.56923,77.393848,171.36,123.89,24.72,100.35,34.39,0.52
2025-12-01 14:00:00,28.56923,77.393848,179.76,123.1,25.62,106.72,33.02,0.54
2025-12-01 13:00:00,28.56923,77.393848,173.98,121.87,24.65,100.98,34.31,0.57
2025-12-01 12:00:00,28.56923,77.393848,176.88,133.01,26.65,105.12,33.59,0.55
2025-12-01 15:00:00,28.88528,78.7388,91.71,41.48,6.07,8.86,32.05,0.71
2025-12-01 14:00:00,28.88528,78.7388,89.69,45.79,5.67,8.37,30.93,0.74
2025-12-01 13:00:00,28.88528,78.7388,92.67,45.68,6.1,8.78,31.98,0.74
2025-12-01 12:00:00,28.88528,78.7388,87.57,46.46,5.94,7.89,29.43,0.75
2025-12-01 15:00:00,28.3419248,77.319699,172.45,118.76,7.91,6.51,29.01,0.46
2025-12-01 14:00:00,28.3419248,77.319699,174.19,119.58,7.81,5.87,26.16,0.48
2025-12-01 13:00:00,28.3419248,77.319699,176.89,102.45,8.08,6.52,26.87,0.45
2025-12-01 12:00:00,28.3419248,77.319699,181.02,102.37,7.22,6.41,29.45,0.46
2025-12-01 15:00:00,16.5150833,80.5181667,75.82,37.56,8.44,17.4,67.32,2.11
2025-12-01 14:00:00,16.5150833,80.5181667,81.51,37.79,7.62,17.1,62.88,2.07
2025-12-01 13:00:00,16.5150833,80.5181667,79.95,36.62,7.48,16.69,71.87,2.13
2025-12-01 12:00:00,16.5150833,80.5181667,76.45,33.68,8.18,17.49,66.38,2.07
2025-12-01 15:00:00,25.204762,85.51496,151.64,60.57,3.64,6.17,52.32,1.31
2025-12-01 14:00:00,25.204762,85.51496,147.98,58.2,3.53,6.38,49.4,1.36
2025-12-01 13:00:00,25.204762,85.51496,135.82,56.57,3.51,6.08,48.76,1.34
2025-12-01 12:00:00,25.204762,85.51496,141.73,60.43,3.52,6.11,48.94,1.39
2025-12-01 15:00:00,26.1403345,85.3650192,147.19,54.27,6.62,20.39,52.74,2.03
2025-12-01 14:00:00,26.1403345,85.3650192,158.66,57.62,7.33,21.66,45.19,2.03
2025-12-01 13:00:00,26.1403345,85.3650192,152.62,55.05,6.81,21.32,48.77,2.03
2025-12-01 12:00:00,26.1403345,85.3650192,150.9,60.63,6.34,21.85,49.62,1.83
2025-12-01 15:00:00,28.840739,78.697531,135.73,77.41,5.95,35.53,35.16,0.87
2025-12-01 14:00:00,28.840739,78.697531,142.61,76.52,6.69,35.44,32.76,0.9
2025-12-01 13:00:00,28.840739,78.697531,145.89,77.13,6.43,36.02,35.13,0.85
2025-12-01 12:00:00,28.840739,78.697531,130.76,74.63,6.14,36.46,35.99,0.89
2025-12-01 15:00:00,30.751462,76.762879,168.85,89.78,10.19,35.62,40.79,0.51
2025-12-01 14:00:00,30.751462,76.762879,152.49,89.12,9.51,34.01,41.08,0.49
2025-12-01 13:00:00,30.751462,76.762879,167.77,83.84,9.5,31.33,36.12,0.48
2025-12-01 12:00:00,30.751462,76.762879,167.62,89.64,9.2,34.79,39.44,0.52
2025-12-01 15:00:00,29.14056,75.744941,119.96,35.33,7.98,46.16,,0.84
2025-12-01 14:00:00,29.14056,75.744941,115.86,39.45,7.88,40.81,,0.84
2025-12-01 13:00:00,29.14056,75.744941,118.71,35.44,7.26,46.76,,0.75
2025-12-01 12:00:00,29.14056,75.744941,118.55,37.13,7.56,45.48,,0.82
2025-12-01 14:00:00,14.4758,75.9052,111.92,69.62,10.4,,48.78,1.27
2025-12-01 13:00:00,14.4758,75.9052,114.42,62.37,10.65,,47.16,1.37
2025-12-01 12:00:00,14.4758,75.9052,127.79,64.77,10.55,,49.51,1.35
2025-12-01 11:00:00,14.4758,75.9052,122.8,63.78,11.13,,48.57,1.26
2025-12-01 15:00:00,22.629801,88.352017,164.07,69.94,13.33,15.44,45.64,0.29
2025-12-01 14:00:00,22.629801,88.352017,165.62,71.14,13.03,15.2,47.61,0.29
2025-12-01 13:00:00,22.629801,88.352017,151.05,72.96,13.95,14.31,40.9,0.31
2025-12-01 12:00:00,22.629801,88.352017,157.74,79.99,14.66,14.71,45.42,0.31
2025-12-01 13:00:00,28.52123,76.37138,162.02,88.83,1.99,4.82,24.05,0.97
2025-12-01 12:00:00,28.52123,76.37138,173.34,98.98,1.83,4.89,23.5,0.93
2025-12-01 11:00:00,28.52123,76.37138,184.15,86.82,1.86,5.27,23.51,0.84
2025-12-01 10:00:00,28.52123,76.37138,173.7,93.1,1.77,4.88,23.51,0.88
2025-12-01 17:00:00,29.6514,91.1319,29.61,16.67,3.67,43.55,12.73,2.01
2025-12-01 16:00:00,29.6514,91.1319,29.16,16.25,3.52,41.92,12.84,2.08
2025-12-01 15:00:00,29.6514,91.1319,31.25,17.16,3.73,39.52,13.44,2.0
2025-12-01 14:00:00,29.6514,91.1319,29.58,16.09,3.87,43.48,13.58,1.91
2025-12-01 15:00:00,16.9872867,81.7363176,89.68,51.66,7.13,7.53,58.46,2.44
2025-12-01 14:00:00,16.9872867,81.7363176,94.59,53.74,7.28,7.51,65.85,2.45
2025-12-01 13:00:00,16.9872867,81.7363176,90.39,53.33,6.9,6.96,59.09,2.54
2025-12-01 12:00:00,16.9872867,81.7363176,91.68,50.29,6.94,6.45,62.76,2.44
2025-12-01 15:00:00,13.328028,75.797056,55.12,47.89,6.52,17.06,54.99,1.5
2025-12-01 14:00:00,13.328028,75.797056,53.18,50.54,6.92,17.71,58.86,1.38
2025-12-01 13:00:00,13.328028,75.797056,53.66,44.18,6.31,17.64,56.94,1.49
2025-12-01 12:00:00,13.328028,75.797056,53.56,47.11,7.22,17.92,62.44,1.53
2025-12-01 15:00:00,21.613267,73.010555,89.37,72.91,7.62,22.22,42.21,1.59
2025-12-01 14:00:00,21.613267,73.010555,83.46,80.37,7.16,22.72,42.34,1.52
2025-12-01 13:00:00,21.613267,73.010555,86.87,80.87,7.23,21.61,42.85,1.51
2025-12-01 12:00:00,21.613267,73.010555,85.89,71.98,6.85,20.17,45.86,1.58
2025-12-01 15:00:00,22.58157048,88.41002457,139.94,83.37,10.67,15.58,40.77,0.13
2025-12-01 14:00:00,22.58157048,88.41002457,119.74,90.34,10.53,14.37,45.51,0.13
2025-12-01 13:00:00,22.58157048,88.41002457,131.28,83.21,10.67,13.91,43.85,0.14
2025-12-01 12:00:00,22.58157048,88.41002457,131.59,84.84,9.87,14.53,40.44,0.15
2025-12-01 15:00:00,22.627847,88.380669,138.36,78.49,19.16,36.46,39.77,0.07
2025-12-01 14:00:00,22.627847,88.380669,125.23,81.44,18.26,35.22,42.16,0.07
2025-12-01 13:00:00,22.627847,88.380669,129.52,80.2,19.01,36.89,41.27,0.07
2025-12-01 12:00:00,22.627847,88.380669,143.9,84.93,18.09,32.91,40.21,0.07
2025-12-01 15:00:00,8.8787,76.6073,180.28,98.32,3.2,13.81,72.09,2.88
2025-12-01 14:00:00,8.8787,76.6073,170.65,85.31,3.36,14.43,77.94,2.86
2025-12-01 13:00:00,8.8787,76.6073,190.85,89.43,3.47,14.66,74.46,2.81
2025-12-01 12:00:00,8.8787,76.6073,170.39,90.65,3.18,14.35,74.45,2.66
2025-12-01 15:00:00,11.9309,79.8027,50.58,13.24,9.93,9.8,90.28,1.23
2025-12-01 14:00:00,11.9309,79.8027,45.54,13.84,9.95,8.4,88.42,1.25
2025-12-01 13:00:00,11.9309,79.8027,49.29,13.01,10.36,8.93,86.42,1.18
2025-12-01 12:00:00,11.9309,79.8027,44.77,12.9,10.83,8.92,88.98,1.12
2025-12-01 15:00:00,18.897756,72.81332,160.66,18.12,2.55,25.54,24.45,2.84
2025-12-01 14:00:00,18.897756,72.81332,155.06,19.75,2.59,23.4,25.03,3.01
2025-12-01 13:00:00,18.897756,72.81332,168.4,18.37,2.49,23.97,22.45,2.98
2025-12-01 12:00:00,18.897756,72.81332,166.49,18.09,2.49,26.16,23.96,3.18
2025-12-01 15:00:00,24.58434363,80.8549414,83.96,52.81,4.53,12.67,38.28,0.53
2025-12-01 14:00:00,24.58434363,80.8549414,93.18,55.78,4.31,13.37,35.55,0.46
2025-12-01 13:00:00,24.58434363,80.8549414,84.19,60.03,4.81,13.06,40.25,0.51
2025-12-01 12:00:00,24.58434363,80.8549414,90.91,56.22,4.89,12.92,37.13,0.47
2025-12-01 15:00:00,27.103358,93.679645,144.63,61.79,2.45,2.1,64.17,0.19
2025-12-01 14:00:00,27.103358,93.679645,127.28,68.27,2.21,2.04,70.02,0.18
2025-12-01 13:00:00,27.103358,93.679645,124.17,71.02,2.42,2.15,71.19,0.18
2025-12-01 12:00:00,27.103358,93.679645,143.34,69.79,2.24,2.33,68.55,0.2
2025-12-01 15:00:00,9.36399,78.831977,810.6,21.61,1.51,2.21,63.25,1.77
2025-12-01 14:00:00,9.36399,78.831977,870.95,20.65,1.57,2.27,65.31,1.54
2025-12-01 13:00:00,9.36399,78.831977,869.74,19.5,1.7,2.13,62.51,1.73
2025-12-01 12:00:00,9.36399,78.831977,827.42,21.49,1.55,2.48,66.28,1.65
2025-12-01 15:00:00,12.21041,76.37376,50.01,53.82,8.96,19.27,69.06,0.28
2025-12-01 14:00:00,12.21041,76.37376,46.36,49.75,8.25,17.87,70.63,0.26
2025-12-01 13:00:00,12.21041,76.37376,52.18,47.38,8.89,18.28,71.84,0.29
2025-12-01 12:00:00,12.21041,76.37376,46.54,53.42,9.39,18.89,63.63,0.28
2025-12-01 15:00:00,26.0881305,87.93840336,79.61,57.81,3.98,6.91,67.14,0.86
2025-12-01 14:00:00,26.0881305,87.93840336,81.71,63.28,3.85,7.22,65.75,0.82
2025-12-01 13:00:00,26.0881305,87.93840336,78.2,55.53,3.54,6.82,71.13,0.78
2025-12-01 12:00:00,26.0881305,87.93840336,71.08,58.15,3.59,6.84,72.25,0.79
2025-12-01 15:00:00,26.63086,84.90051,83.2,49.46,4.91,1.89,39.85,1.38
2025-12-01 14:00:00,26.63086,84.90051,76.95,51.03,4.38,1.93,39.91,1.45
2025-12-01 13:00:00,26.63086,84.90051,74.65,50.52,4.96,1.96,37.42,1.49
2025-12-01 12:00:00,26.63086,84.90051,83.26,49.03,4.63,1.96,37.29,1.55
2025-12-01 15:00:00,29.307814,76.337619,183.22,85.69,13.75,27.69,13.94,1.02
2025-12-01 14:00:00,29.307814,76.337619,159.75,88.32,13.54,28.99,13.92,1.02
2025-12-01 13:00:00,29.307814,76.337619,162.99,95.04,14.25,29.74,13.92,0.94
2025-12-01 12:00:00,29.307814,76.337619,182.4,91.68,14.68,30.27,14.36,0.94
2025-12-01 15:00:00,25.859655,85.77944,77.06,36.38,3.64,3.24,55.4,1.24
2025-12-01 14:00:00,25.859655,85.77944,74.23,34.13,3.72,3.37,55.42,1.13
2025-12-01 13:00:00,25.859655,85.77944,73.22,34.29,3.39,3.26,60.92,1.23
2025-12-01 12:00:00,25.859655,85.77944,75.27,36.48,3.52,3.24,58.33,1.19
2025-12-01 15:00:00,27.9002,76.9938,164.05,88.62,8.73,11.12,38.8,
2025-12-01 14:00:00,27.9002,76.9938,159.37,85.99,8.34,10.69,35.02,
2025-12-01 13:00:00,27.9002,76.9938,166.36,92.62,8.53,10.22,38.39,
2025-12-01 12:00:00,27.9002,76.9938,160.77,91.81,8.36,10.92,36.01,
2025-12-01 15:00:00,28.65155278,77.15804167,190.26,127.8,18.91,7.58,103.11,0.1
2025-12-01 14:00:00,28.65155278,77.15804167,215.91,128.2,18.76,8.5,95.32,0.09
2025-12-01 13:00:00,28.65155278,77.15804167,190.13,120.11,18.62,8.22,93.07,0.09
2025-12-01 12:00:00,28.65155278,77.15804167,189.23,128.11,20.03,8.24,99.86,0.1
2025-12-01 17:00:00,31.4846,92.0657,13.35,20.39,2.35,34.58,12.19,5.07
2025-12-01 16:00:00,31.4846,92.0657,12.8,19.49,2.42,29.84,12.35,4.86
2025-12-01 15:00:00,31.4846,92.0657,13.07,20.39,2.34,34.46,12.71,4.87
2025-12-01 14:00:00,31.4846,92.0657,12.98,19.64,2.29,34.63,11.15,4.86
2025-12-01 15:00:00,12.415911,75.73505,28.62,7.2,,1.71,76.79,0.67
2025-12-01 14:00:00,12.415911,75.73505,27.87,7.39,,1.92,69.57,0.65
2025-12-01 13:00:00,12.415911,75.73505,31.57,6.87,,1.77,70.45,0.67
2025-12-01 12:00:00,12.415911,75.73505,29.53,6.46,,1.91,69.89,0.63
2025-12-01 15:00:00,26.6883049,88.412668,111.5,64.28,5.31,34.72,60.03,1.0
2025-12-01 14:00:00,26.6883049,88.412668,114.17,55.56,5.89,31.4,56.82,0.99
2025-12-01 13:00:00,26.6883049,88.412668,116.63,58.65,5.49,34.72,59.09,0.97
2025-12-01 12:00:00,26.6883049,88.412668,104.5,56.73,5.7,31.79,56.96,0.93
2025-12-01 15:00:00,25.357288,84.107844,152.47,107.38,4.05,7.03,77.41,1.15
2025-12-01 14:00:00,25.357288,84.107844,162.85,101.03,3.8,7.51,80.79,1.21
2025-12-01 13:00:00,25.357288,84.107844,155.67,100.71,4.32,7.08,84.59,1.26
2025-12-01 12:00:00,25.357288,84.107844,152.23,113.89,3.86,7.42,84.64,1.28
2025-12-01 15:00:00,31.62,74.876512,96.68,59.25,3.06,17.44,69.45,0.56
2025-12-01 14:00:00,31.62,74.876512,99.93,61.32,3.01,16.09,69.49,0.53
2025-12-01 13:00:00,31.62,74.876512,95.47,57.98,3.16,15.85,65.33,0.56
2025-12-01 12:00:00,31.62,74.876512,100.45,65.67,3.35,16.01,64.31,0.54
2025-12-01 15:00:00,10.942451,76.978996,29.18,35.92,4.72,9.59,43.18,1.28
2025-12-01 14:00:00,10.942451,76.978996,28.1,33.74,4.75,11.01,41.89,1.34
2025-12-01 13:00:00,10.942451,76.978996,29.68,36.85,4.66,10.71,40.24,1.29
2025-12-01 12:00:00,10.942451,76.978996,29.52,35.38,4.72,10.63,43.46,1.31
2025-12-01 15:00:00,16.172806,75.659694,69.87,50.38,4.27,6.18,8.85,1.31
2025-12-01 14:00:00,16.172806,75.659694,71.22,45.14,4.24,6.54,9.81,1.14
2025-12-01 13:00:00,16.172806,75.659694,68.56,51.45,4.04,6.92,9.62,1.16
2025-12-01 12:00:00,16.172806,75.659694,73.75,50.32,4.37,6.04,9.0,1.23
2025-12-01 15:00:00,26.11442,85.39813,116.94,48.27,6.73,82.05,30.93,0.74
2025-12-01 14:00:00,26.11442,85.39813,121.47,52.22,7.01,78.51,30.66,0.77
2025-12-01 13:00:00,26.11442,85.39813,136.06,55.52,7.05,76.48,33.07,0.73
2025-12-01 12:00:00,26.11442,85.39813,123.73,54.96,7.31,81.7,33.29,0.75
2025-12-01 15:00:00,23.168606,79.932247,119.47,58.03,5.39,69.33,46.18,0.48
2025-12-01 14:00:00,23.168606,79.932247,107.94,60.66,6.07,74.35,44.02,0.47
2025-12-01 13:00:00,23.168606,79.932247,122.86,63.96,5.36,66.38,43.55,0.46
2025-12-01 12:00:00,23.168606,79.932247,116.34,58.48,5.7,65.6,46.29,0.5
2025-12-01 15:00:00,12.9135218,77.5950804,124.46,68.83,24.12,10.46,64.25,0.98
2025-12-01 14:00:00,12.9135218,77.5950804,136.1,77.23,22.45,9.23,68.26,0.94
2025-12-01 13:00:00,12.9135218,77.5950804,140.24,77.67,23.58,8.94,72.67,0.89
2025-12-01 12:00:00,12.9135218,77.5950804,140.29,77.05,24.12,9.95,68.81,0.89
2025-12-01 15:00:00,26.730136,83.433859,95.34,86.78,4.03,,29.26,0.59
2025-12-01 14:00:00,26.730136,83.433859,94.93,80.14,4.49,,27.65,0.65
2025-12-01 13:00:00,26.730136,83.433859,100.73,76.94,3.98,,28.29,0.61
2025-12-01 12:00:00,26.730136,83.433859,109.07,86.54,4.61,,27.99,0.63
2025-12-01 15:00:00,8.5149093,76.9435879,90.34,69.07,13.33,2.77,77.21,2.08
2025-12-01 14:00:00,8.5149093,76.9435879,89.98,60.34,13.91,2.59,76.49,1.98
2025-12-01 13:00:00,8.5149093,76.9435879,102.76,63.98,13.45,2.79,73.72,2.02
2025-12-01 12:00:00,8.5149093,76.9435879,101.83,66.59,14.26,2.89,81.21,2.08
2025-12-01 15:00:00,22.624758,75.675238,100.81,56.94,8.24,14.88,34.86,2.1
2025-12-01 14:00:00,22.624758,75.675238,105.9,51.12,8.06,14.24,38.43,2.07
2025-12-01 13:00:00,22.624758,75.675238,95.31,57.81,8.82,15.85,34.6,1.96
2025-12-01 12:00:00,22.624758,75.675238,94.82,51.68,8.59,14.63,37.83,1.87
2025-12-01 15:00:00,27.571409,77.655757,91.92,70.06,4.69,6.46,46.63,0.52
2025-12-01 14:00:00,27.571409,77.655757,91.4,70.25,4.72,6.58,45.72,0.57
2025-12-01 13:00:00,27.571409,77.655757,98.5,69.97,4.23,6.36,45.61,0.51
2025-12-01 12:00:00,27.571409,77.655757,91.6,74.99,4.17,6.24,44.19,0.51
2025-12-01 15:00:00,28.685382,77.453839,158.73,102.1,27.37,29.51,29.43,0.82
2025-12-01 14:00:00,28.685382,77.453839,151.95,112.1,26.29,30.55,31.01,0.82
2025-12-01 13:00:00,28.685382,77.453839,139.77,104.08,25.04,31.0,30.3,0.78
2025-12-01 12:00:00,28.685382,77.453839,144.8,102.1,25.64,32.35,32.57,0.79
2025-12-01 15:00:00,25.4547,78.6039,48.09,24.75,2.41,1.73,41.58,0.26
2025-12-01 14:00:00,25.4547,78.6039,52.72,25.72,2.2,1.94,43.29,0.3
2025-12-01 13:00:00,25.4547,78.6039,49.24,24.64,2.22,1.79,41.18,0.27
2025-12-01 12:00:00,25.4547,78.6039,47.31,24.54,2.41,1.7,39.31,0.29
2025-12-01 15:00:00,28.360699,76.93609,161.47,73.89,20.75,18.03,24.24,0.89
2025-12-01 14:00:00,28.360699,76.93609,150.63,70.37,22.17,19.06,25.27,0.89
2025-12-01 13:00:00,28.360699,76.93609,165.75,78.36,20.63,20.51,23.15,0.87
2025-12-01 12:00:00,28.360699,76.93609,162.27,72.8,22.0,18.99,25.95,0.89
2025-12-01 15:00:00,30.9028,75.8086,144.03,85.27,,6.75,25.78,0.42
2025-12-01 14:00:00,30.9028,75.8086,158.62,89.38,,6.62,28.37,0.4
2025-12-01 13:00:00,30.9028,75.8086,155.18,89.53,,7.08,27.66,0.38
2025-12-01 12:00:00,30.9028,75.8086,153.85,91.65,,7.25,26.28,0.43
2025-12-01 15:00:00,22.08815,82.13737,88.83,52.46,7.9,,35.75,0.23
2025-12-01 14:00:00,22.08815,82.13737,83.32,57.95,7.92,,33.29,0.2
2025-12-01 13:00:00,22.08815,82.13737,90.42,50.7,8.92,,34.75,0.23
2025-12-01 12:00:00,22.08815,82.13737,83.75,51.33,8.66,,32.1,0.21
2025-12-01 15:00:00,12.88925,74.853,130.91,61.47,5.12,10.08,60.08,4.42
2025-12-01 14:00:00,12.88925,74.853,123.59,61.56,5.48,9.91,57.85,4.26
2025-12-01 13:00:00,12.88925,74.853,126.71,68.26,5.1,10.24,57.61,3.8
2025-12-01 12:00:00,12.88925,74.853,135.05,65.61,4.98,9.56,61.35,4.16
2025-12-01 15:00:00,23.685297,86.945968,176.4,105.55,10.76,15.01,88.37,0.98
2025-12-01 14:00:00,23.685297,86.945968,178.12,103.68,10.06,14.02,82.43,0.99
2025-12-01 13:00:00,23.685297,86.945968,176.21,104.91,10.44,14.31,80.36,0.93
2025-12-01 12:00:00,23.685297,86.945968,185.12,115.1,10.13,16.24,85.0,0.98
2025-12-01 15:00:00,24.58434363,80.8549414,90.39,58.3,4.88,12.02,39.11,0.53
2025-12-01 14:00:00,24.58434363,80.8549414,83.91,61.15,4.29,12.33,36.2,0.47
2025-12-01 13:00:00,24.58434363,80.8549414,83.07,53.49,4.3,13.01,34.8,0.5
2025-12-01 12:00:00,24.58434363,80.8549414,89.14,57.14,4.74,13.64,34.4,0.47
2025-12-01 15:00:00,30.233011,74.907758,101.4,52.58,4.58,,37.36,2.04
2025-12-01 14:00:00,30.233011,74.907758,98.95,47.04,4.43,,33.74,2.2
2025-12-01 13:00:00,30.233011,74.907758,110.04,49.52,4.73,,36.28,2.27
2025-12-01 12:00:00,30.233011,74.907758,98.46,47.52,4.72,,36.36,2.01
2025-12-01 10:00:00,12.9099161,80.1076538,150.3,79.37,6.88,1.65,94.99,1.13
2025-12-01 09:00:00,12.9099161,80.1076538,162.96,84.99,7.21,1.58,95.24,1.22
2025-12-01 08:00:00,12.9099161,80.1076538,167.45,82.7,7.12,1.74,99.82,1.09
2025-12-01 07:00:00,12.9099161,80.1076538,150.91,74.33,7.94,1.59,100.55,1.19
2025-12-01 15:00:00,15.34763,76.181767,53.12,43.17,14.24,1.29,56.48,0.5
2025-12-01 14:00:00,15.34763,76.181767,53.64,45.75,13.59,1.35,57.87,0.52
2025-12-01 13:00:00,15.34763,76.181767,51.65,43.34,13.97,1.2,56.99,0.52
2025-12-01 12:00:00,15.34763,76.181767,54.48,46.54,13.4,1.29,50.37,0.52
2025-12-01 15:00:00,19.645324,77.6345232,60.04,107.85,11.98,8.35,40.81,1.38
2025-12-01 14:00:00,19.645324,77.6345232,62.83,97.55,11.68,8.27,38.66,1.41
2025-12-01 13:00:00,19.645324,77.6345232,56.79,101.22,11.93,7.96,36.57,1.36
2025-12-01 12:00:00,19.645324,77.6345232,62.18,104.45,11.95,8.93,39.66,1.45
2025-12-01 15:00:00,25.0328,85.41948,104.95,56.92,3.66,12.36,54.69,0.88
2025-12-01 14:00:00,25.0328,85.41948,110.52,54.47,3.77,11.98,54.49,0.94
2025-12-01 13:00:00,25.0328,85.41948,120.7,58.12,3.46,12.65,51.86,0.94
2025-12-01 12:00:00,25.0328,85.41948,103.59,53.3,3.73,11.26,53.63,0.91
2025-12-01 15:00:00,29.06351,77.709723,156.5,102.88,4.74,56.02,19.26,0.52
2025-12-01 14:00:00,29.06351,77.709723,167.91,92.9,4.7,55.56,21.8,0.47
2025-12-01 13:00:00,29.06351,77.709723,153.87,94.95,5.04,58.15,21.37,0.51
2025-12-01 12:00:00,29.06351,77.709723,173.59,95.29,4.91,62.68,20.08,0.49
2025-12-01 15:00:00,28.6701,76.9254,171.39,39.0,4.45,8.4,,1.1
2025-12-01 14:00:00,28.6701,76.9254,186.48,38.56,4.92,8.11,,1.09
2025-12-01 13:00:00,28.6701,76.9254,171.71,40.66,4.62,7.23,,1.12
2025-12-01 12:00:00,28.6701,76.9254,188.65,39.28,5.08,8.39,,1.06
2025-12-01 15:00:00,17.349694,78.451437,153.43,70.86,6.56,9.54,52.05,1.55
2025-12-01 14:00:00,17.349694,78.451437,162.78,70.37,7.42,9.55,49.52,1.69
2025-12-01 13:00:00,17.349694,78.451437,161.31,72.54,7.22,9.98,49.47,1.78
2025-12-01 12:00:00,17.349694,78.451437,156.96,73.02,7.0,10.55,49.49,1.69
2025-12-01 15:00:00,23.233584,77.400574,144.31,86.55,11.58,78.67,43.19,0.44
2025-12-01 14:00:00,23.233584,77.400574,141.57,75.58,11.39,87.23,44.83,0.47
2025-12-01 13:00:00,23.233584,77.400574,129.94,75.54,13.07,82.88,39.9,0.42
2025-12-01 12:00:00,23.233584,77.400574,140.47,85.97,11.74,83.09,38.73,0.43
2025-12-01 15:00:00,26.470859,74.646594,148.37,81.02,8.98,9.08,36.77,1.28
2025-12-01 14:00:00,26.470859,74.646594,158.58,82.1,9.47,9.17,37.71,1.32
2025-12-01 13:00:00,26.470859,74.646594,156.96,89.1,9.27,9.47,37.44,1.37
2025-12-01 12:00:00,26.470859,74.646594,156.22,85.92,9.04,9.42,35.19,1.35
2025-12-01 15:00:00,27.33853,88.614099,62.85,27.41,2.28,2.58,,
2025-12-01 14:00:00,27.33853,88.614099,63.86,24.73,2.13,2.57,,
2025-12-01 13:00:00,27.33853,88.614099,68.17,24.89,2.3,2.73,,
2025-12-01 12:00:00,27.33853,88.614099,70.56,26.43,2.16,2.69,,
2025-12-01 15:00:00,26.80365,84.51954,80.95,40.55,3.39,8.88,46.47,0.79
2025-12-01 14:00:00,26.80365,84.51954,79.96,41.57,3.42,9.52,43.61,0.83
2025-12-01 13:00:00,26.80365,84.51954,76.07,41.5,3.42,8.88,40.78,0.79
2025-12-01 12:00:00,26.80365,84.51954,76.02,41.61,3.63,8.37,46.08,0.84
2025-12-01 15:00:00,28.806223,76.141105,178.89,96.27,13.13,4.18,41.41,0.89
2025-12-01 14:00:00,28.806223,76.141105,184.19,98.56,12.14,4.1,38.84,0.98
2025-12-01 13:00:00,28.806223,76.141105,178.48,95.55,12.51,3.99,39.54,1.03
2025-12-01 12:00:00,28.806223,76.141105,188.65,96.74,12.29,3.98,44.57,0.96
2025-12-01 15:00:00,29.503664,75.467934,161.07,95.79,7.25,4.76,,2.89
2025-12-01 14:00:00,29.503664,75.467934,161.43,97.16,7.22,5.07,,3.05
2025-12-01 13:00:00,29.503664,75.467934,146.15,87.81,6.78,4.73,,3.0
2025-12-01 12:00:00,29.503664,75.467934,147.6,90.05,7.51,4.51,,2.73
2025-12-01 15:00:00,23.7176342,92.7192841,78.72,30.58,0.11,0.28,86.39,1.03
2025-12-01 14:00:00,23.7176342,92.7192841,74.76,33.76,0.11,0.31,77.31,0.98
2025-12-01 13:00:00,23.7176342,92.7192841,72.19,34.71,0.11,0.28,77.7,0.98
2025-12-01 12:00:00,23.7176342,92.7192841,78.79,30.75,0.1,0.32,88.34,1.01
2025-12-01 15:00:00,23.8175497,91.2726974,65.1,50.75,5.28,3.07,64.07,0.49
2025-12-01 14:00:00,23.8175497,91.2726974,58.02,54.67,4.92,3.16,59.09,0.51
2025-12-01 13:00:00,23.8175497,91.2726974,64.22,58.12,4.97,3.3,62.2,0.48
2025-12-01 12:00:00,23.8175497,91.2726974,65.67,50.36,4.93,3.05,60.42,0.46
2025-12-01 15:00:00,13.94,75.555917,68.39,43.55,7.86,22.53,44.89,1.4
2025-12-01 14:00:00,13.94,75.555917,66.48,44.79,7.81,21.07,40.88,1.39
2025-12-01 13:00:00,13.94,75.555917,62.82,45.07,8.05,22.94,43.42,1.39
2025-12-01 12:00:00,13.94,75.555917,73.2,43.54,6.94,23.04,45.49,1.32
2025-12-01 15:00:00,19.008751,73.01662,129.36,71.34,11.97,,24.47,2.95
2025-12-01 14:00:00,19.008751,73.01662,125.38,77.94,12.64,,25.04,2.84
2025-12-01 13:00:00,19.008751,73.01662,129.57,73.51,12.59,,23.1,3.19
2025-12-01 12:00:00,19.008751,73.01662,123.02,74.44,13.33,,23.58,3.0
2025-12-01 15:00:00,23.221714,72.654328,82.87,53.91,6.34,25.1,70.22,0.47
2025-12-01 14:00:00,23.221714,72.654328,78.82,48.43,6.27,26.35,75.55,0.47
2025-12-01 13:00:00,23.221714,72.654328,78.75,52.24,5.54,27.42,75.61,0.41
2025-12-01 12:00:00,23.221714,72.654328,76.47,50.65,5.8,24.46,67.78,0.43
2025-12-01 15:00:00,28.2348927,77.8683002,148.85,80.2,2.47,4.85,37.18,0.45
2025-12-01 14:00:00,28.2348927,77.8683002,157.18,81.73,2.54,5.17,35.16,0.43
2025-12-01 13:00:00,28.2348927,77.8683002,154.73,78.43,2.5,4.93,35.95,0.47
2025-12-01 12:00:00,28.2348927,77.8683002,161.27,81.62,2.69,4.56,33.8,0.46
2025-12-01 15:00:00,29.0272,77.0621,170.91,131.75,14.65,10.78,22.42,0.08
2025-12-01 14:00:00,29.0272,77.0621,165.76,129.33,14.22,10.36,21.94,0.09
2025-12-01 13:00:00,29.0272,77.0621,170.4,121.56,13.86,10.74,23.74,0.09
2025-12-01 12:00:00,29.0272,77.0621,163.19,132.43,15.61,10.79,23.77,0.09
2025-12-01 15:00:00,25.425602,81.917152,142.26,80.46,2.32,62.73,40.52,1.15
2025-12-01 14:00:00,25.425602,81.917152,150.98,79.32,2.22,60.89,45.65,1.25
2025-12-01 13:00:00,25.425602,81.917152,136.76,88.01,2.12,61.75,44.16,1.24
2025-12-01 12:00:00,25.425602,81.917152,142.9,91.04,2.22,61.25,42.35,1.3
2025-12-01 15:00:00,30.379589,76.778328,158.71,77.62,8.19,19.77,51.96,0.87
2025-12-01 14:00:00,30.379589,76.778328,162.12,68.26,7.67,19.91,47.74,0.94
2025-12-01 13:00:00,30.379589,76.778328,160.93,71.34,7.65,21.05,50.23,0.92
2025-12-01 12:00:00,30.379589,76.778328,144.21,71.36,7.9,21.55,49.83,0.93
2025-12-01 17:00:00,29.6475,91.0874,13.63,10.2,4.27,40.24,13.5,2.0
2025-12-01 16:00:00,29.6475,91.0874,12.57,10.29,4.71,40.78,13.15,2.06
2025-12-01 15:00:00,29.6475,91.0874,13.28,10.36,4.38,39.24,12.49,2.09
2025-12-01 14:00:00,29.6475,91.0874,13.53,10.4,4.78,39.68,12.84,1.91
2025-12-01 15:00:00,22.06047,88.109737,175.78,79.38,7.92,11.25,59.68,0.16
2025-12-01 14:00:00,22.06047,88.109737,177.82,84.95,7.0,11.26,53.97,0.16
2025-12-01 13:00:00,22.06047,88.109737,154.14,86.64,7.96,11.71,52.93,0.17
2025-12-01 12:00:00,22.06047,88.109737,168.77,86.78,7.6,10.82,52.92,0.16
2025-12-01 15:00:00,23.707909,86.41467,39.23,71.83,,5.72,127.02,0.5
2025-12-01 14:00:00,23.707909,86.41467,35.16,67.65,,5.07,115.97,0.49
2025-12-01 13:00:00,23.707909,86.41467,34.34,77.1,,5.19,116.11,0.5
2025-12-01 12:00:00,23.707909,86.41467,36.8,66.98,,5.65,124.46,0.53
2025-12-01 15:00:00,14.675886,77.593027,85.34,49.65,7.28,19.01,55.49,0.24
2025-12-01 14:00:00,14.675886,77.593027,90.81,46.17,7.61,20.8,53.06,0.24
2025-12-01 13:00:00,14.675886,77.593027,87.22,48.07,7.8,21.32,53.5,0.25
2025-12-01 12:00:00,14.675886,77.593027,91.76,50.64,7.53,19.47,51.42,0.24
2025-12-01 15:00:00,25.619651,85.147382,162.53,60.13,1.74,14.7,36.08,0.49
2025-12-01 14:00:00,25.619651,85.147382,163.65,57.98,1.87,14.31,35.03,0.49
2025-12-01 13:00:00,25.619651,85.147382,153.34,58.39,1.7,14.74,31.66,0.52
2025-12-01 12:00:00,25.619651,85.147382,163.84,59.84,1.85,15.69,32.96,0.53
2025-12-01 15:00:00,26.8821003,80.9302753,117.62,65.55,14.65,27.81,33.79,1.36
2025-12-01 14:00:00,26.8821003,80.9302753,109.25,66.34,15.41,29.54,35.86,1.4
2025-12-01 13:00:00,26.8821003,80.9302753,105.28,69.58,14.51,27.07,35.43,1.22
2025-12-01 12:00:00,26.8821003,80.9302753,108.25,74.96,14.05,30.22,36.27,1.32
2025-12-01 14:00:00,14.4758,75.9052,113.93,63.05,10.9,,48.51,1.4
2025-12-01 13:00:00,14.4758,75.9052,123.55,63.7,10.58,,42.97,1.35
2025-12-01 12:00:00,14.4758,75.9052,128.08,70.18,9.65,,49.64,1.42
2025-12-01 11:00:00,14.4758,75.9052,113.13,66.37,10.14,,44.61,1.42
2025-12-01 15:00:00,25.301778,82.996789,77.83,38.26,3.02,3.9,44.57,0.6
2025-12-01 14:00:00,25.301778,82.996789,73.79,35.16,2.97,4.42,40.51,0.58
2025-12-01 13:00:00,25.301778,82.996789,74.8,37.58,2.98,4.25,42.12,0.57
2025-12-01 12:00:00,25.301778,82.996789,72.59,38.05,3.11,3.96,40.75,0.59
2025-12-01 15:00:00,31.62,74.876512,106.46,63.33,3.29,17.06,59.74,0.57
2025-12-01 14:00:00,31.62,74.876512,102.57,65.46,3.34,17.18,67.85,0.53
2025-12-01 13:00:00,31.62,74.876512,106.86,61.9,3.09,16.73,59.68,0.53
2025-12-01 12:00:00,31.62,74.876512,103.68,66.96,3.19,17.39,63.9,0.57
2025-12-01 15:00:00,11.875,75.3732,100.31,58.32,6.06,12.14,56.23,2.63
2025-12-01 14:00:00,11.875,75.3732,95.97,49.76,5.57,10.53,55.78,2.48
2025-12-01 13:00:00,11.875,75.3732,94.2,53.84,5.99,11.47,52.68,2.74
2025-12-01 12:00:00,11.875,75.3732,95.67,56.37,6.12,11.6,50.38,2.7
2025-12-01 15:00:00,22.431,75.5213,100.45,58.18,34.5,26.63,39.79,0.61
2025-12-01 14:00:00,22.431,75.5213,86.83,57.98,36.56,26.72,45.11,0.64
2025-12-01 13:00:00,22.431,75.5213,95.87,59.85,32.53,26.65,41.14,0.59
2025-12-01 12:00:00,22.431,75.5213,100.9,58.28,33.35,26.24,42.33,0.62
2025-12-01 15:00:00,22.977134,72.553024,176.56,146.36,14.47,12.15,32.61,0.48
2025-12-01 14:00:00,22.977134,72.553024,173.64,131.83,15.62,12.67,33.97,0.51
2025-12-01 13:00:00,22.977134,72.553024,173.54,141.06,15.7,13.53,30.66,0.51
2025-12-01 12:00:00,22.977134,72.553024,158.33,132.46,14.41,12.73,34.57,0.45
2025-12-01 15:00:00,22.9682591,76.064118,87.7,57.89,2.7,10.44,67.91,1.21
2025-12-01 14:00:00,22.9682591,76.064118,93.58,60.6,2.76,10.59,74.18,1.29
2025-12-01 13:00:00,22.9682591,76.064118,97.62,57.43,2.63,9.37,67.66,1.37
2025-12-01 12:00:00,22.9682591,76.064118,100.17,56.79,2.82,9.77,67.59,1.27
2025-12-01 15:00:00,24.5886166,73.6321397,122.08,69.58,17.69,25.92,58.04,0.98
2025-12-01 14:00:00,24.5886166,73.6321397,111.19,70.07,16.09,26.47,55.51,1.0
2025-12-01 13:00:00,24.5886166,73.6321397,125.21,63.24,15.55,27.5,51.78,1.01
2025-12-01 12:00:00,24.5886166,73.6321397,123.52,64.74,16.69,23.97,50.72,1.0
2025-12-01 15:00:00,27.554793,76.611536,109.9,65.2,18.67,13.94,44.51,0.88
2025-12-01 14:00:00,27.554793,76.611536,119.92,73.23,16.94,13.27,45.56,0.77
2025-12-01 13:00:00,27.554793,76.611536,112.8,72.66,17.06,14.03,45.23,0.81
2025-12-01 12:00:00,27.554793,76.611536,104.57,74.43,19.49,14.12,41.47,0.77
2025-12-01 15:00:00,12.88925,74.853,137.24,62.19,5.23,9.62,60.45,4.28
2025-12-01 14:00:00,12.88925,74.853,124.53,62.65,5.12,9.27,59.2,3.84
2025-12-01 13:00:00,12.88925,74.853,130.35,60.96,5.71,8.98,61.4,4.16
2025-12-01 12:00:00,12.88925,74.853,137.67,60.18,5.71,9.83,60.2,4.19
2025-12-01 15:00:00,17.429398,78.569354,110.67,71.94,4.92,12.76,48.35,585.07
2025-12-01 14:00:00,17.429398,78.569354,114.71,67.48,4.9,13.88,45.73,500.02
2025-12-01 13:00:00,17.429398,78.569354,122.87,68.5,5.46,13.03,47.98,511.77
2025-12-01 12:00:00,17.429398,78.569354,112.91,75.03,4.96,12.9,45.9,565.12
2025-12-01 15:00:00,19.8389439,75.244448,140.56,60.02,6.84,11.44,9.59,1.4
2025-12-01 14:00:00,19.8389439,75.244448,121.72,57.74,6.75,10.63,9.71,1.45
2025-12-01 13:00:00,19.8389439,75.244448,137.49,57.25,6.79,11.51,10.41,1.38
2025-12-01 12:00:00,19.8389439,75.244448,129.52,59.82,6.34,11.83,9.2,1.49
2025-12-01 15:00:00,23.81748678,79.446246,40.08,18.62,,,32.94,1.46
2025-12-01 14:00:00,23.81748678,79.446246,39.08,16.88,,,34.12,1.43
2025-12-01 13:00:00,23.81748678,79.446246,40.19,18.97,,,34.53,1.46
2025-12-01 12:00:00,23.81748678,79.446246,42.07,18.3,,,33.65,1.44
2025-12-01 15:00:00,28.964949,77.278761,150.8,92.07,19.84,62.29,35.82,0.73
2025-12-01 14:00:00,28.964949,77.278761,158.28,98.68,19.13,56.1,33.22,0.71
2025-12-01 13:00:00,28.964949,77.278761,171.58,106.91,20.12,56.62,34.18,0.73
2025-12-01 12:00:00,28.964949,77.278761,167.67,92.95,19.59,59.25,33.38,0.65
2025-12-01 15:00:00,28.4227,77.0667,199.63,155.74,1.16,12.95,31.98,1.32
2025-12-01 14:00:00,28.4227,77.0667,186.01,145.96,1.15,12.53,32.33,1.34
2025-12-01 13:00:00,28.4227,77.0667,185.63,135.32,1.13,11.32,31.64,1.24
2025-12-01 12:00:00,28.4227,77.0667,179.72,146.1,1.02,12.82,30.97,1.23
2025-12-01 15:00:00,30.1480566,77.2893471,167.81,90.26,7.87,14.78,30.23,3.05
2025-12-01 14:00:00,30.1480566,77.2893471,176.54,96.99,7.37,16.55,30.49,2.92
2025-12-01 13:00:00,30.1480566,77.2893471,177.18,93.99,7.13,14.84,32.65,3.21
2025-12-01 12:00:00,30.1480566,77.2893471,164.44,91.4,7.02,16.5,31.94,3.22
2025-12-01 11:00:00,13.218341,80.32027,105.88,6.33,2.15,,,1.54
2025-12-01 10:00:00,13.218341,80.32027,106.14,5.85,2.26,,,1.57
2025-12-01 09:00:00,13.218341,80.32027,102.51,5.74,2.28,,,1.51
2025-12-01 08:00:00,13.218341,80.32027,99.99,6.29,2.31,,,1.6
2025-12-01 15:00:00,11.55358,76.55521,66.54,41.81,10.51,11.61,41.57,1.05
2025-12-01 14:00:00,11.55358,76.55521,71.89,43.29,10.92,11.45,44.52,0.93
2025-12-01 13:00:00,11.55358,76.55521,64.02,40.66,11.55,12.91,43.05,1.06
2025-12-01 12:00:00,11.55358,76.55521,67.51,42.23,12.07,11.24,40.79,1.06
2025-12-01 15:00:00,20.362421,72.918013,77.21,38.8,6.17,9.82,,0.51
2025-12-01 14:00:00,20.362421,72.918013,75.15,36.6,6.21,10.31,,0.56
2025-12-01 13:00:00,20.362421,72.918013,68.08,34.02,6.14,10.21,,0.52
2025-12-01 12:00:00,20.362421,72.918013,71.91,36.95,5.56,10.37,,0.54
